x,$y=1$,$y=0$
0.0,1.0,0.0
1.2012012012012012,1.0,0.0
2.4024024024024024,1.0,0.0
3.6036036036036037,1.0,0.0
4.804804804804805,1.0,0.0
6.006006006006006,1.0,0.0
7.207207207207207,1.0,0.0
8.408408408408409,1.0,0.0
9.60960960960961,1.0,0.0
10.81081081081081,1.0,0.0
12.012012012012011,1.0,0.0
13.213213213213214,1.0,0.0
14.414414414414415,1.0,0.0
15.615615615615615,1.0,0.0
16.816816816816818,1.0,0.0
18.01801801801802,1.0,0.0
19.21921921921922,1.0,0.0
20.42042042042042,1.0,0.0
21.62162162162162,1.0,0.0
22.822822822822822,1.0,0.0
24.024024024024023,1.0,0.0
25.225225225225227,1.0,0.0
26.426426426426428,1.0,0.0
27.62762762762763,1.0,0.0
28.82882882882883,1.0,0.0
30.03003003003003,1.0,0.0
31.23123123123123,1.0,0.0
32.432432432432435,1.0,0.0
33.633633633633636,1.0,0.0
34.83483483483484,1.0,0.0
36.03603603603604,1.0,0.0
37.23723723723724,1.0,0.0
38.43843843843844,1.0,0.0
39.63963963963964,1.0,0.0
40.84084084084084,1.0,0.0
42.04204204204204,1.0,0.0
43.24324324324324,1.0,0.0
44.44444444444444,1.0,0.0
45.645645645645644,1.0,0.0
46.846846846846844,1.0,0.0
48.048048048048045,1.0,0.0
49.24924924924925,1.0,0.0
50.450450450450454,1.0,0.0
51.651651651651655,1.0,0.0
52.852852852852855,1.0,0.0
54.054054054054056,1.0,0.0
55.25525525525526,1.0,0.0
56.45645645645646,1.0,0.0
57.65765765765766,1.0,0.0
58.85885885885886,1.0,0.0
60.06006006006006,1.0,0.0
61.26126126126126,1.0,0.0
62.46246246246246,1.0,0.0
63.66366366366366,1.0,0.0
64.86486486486487,1.0,0.0
66.06606606606607,1.0,0.0
67.26726726726727,1.0,0.0
68.46846846846847,1.0,0.0
69.66966966966967,1.0,0.0
70.87087087087087,1.0,0.0
72.07207207207207,1.0,0.0
73.27327327327328,1.0,0.0
74.47447447447448,1.0,0.0
75.67567567567568,1.0,0.0
76.87687687687688,1.0,0.0
78.07807807807808,1.0,0.0
79.27927927927928,1.0,0.0
80.48048048048048,1.0,0.0
81.68168168168168,1.0,0.0
82.88288288288288,1.0,0.0
84.08408408408408,1.0,0.0
85.28528528528528,1.0,0.0
86.48648648648648,1.0,0.0
87.68768768768768,1.0,0.0
88.88888888888889,1.0,0.0
90.09009009009009,1.0,0.0
91.29129129129129,1.0,0.0
92.49249249249249,1.0,0.0
93.69369369369369,1.0,0.0
94.89489489489489,1.0,0.0
96.09609609609609,1.0,0.0
97.2972972972973,1.0,0.0
98.4984984984985,1.0,0.0
99.6996996996997,1.0,0.0
100.90090090090091,1.0,0.0
102.10210210210211,1.0,0.0
103.30330330330331,1.0,0.0
104.50450450450451,1.0,0.0
105.70570570570571,1.0,0.0
106.90690690690691,1.0,0.0
108.10810810810811,1.0,0.0
109.30930930930931,1.0,0.0
110.51051051051051,1.0,0.0
111.71171171171171,1.0,0.0
112.91291291291292,1.0,0.0
114.11411411411412,1.0,0.0
115.31531531531532,1.0,0.0
116.51651651651652,1.0,0.0
117.71771771771772,1.0,0.0
118.91891891891892,1.0,0.0
120.12012012012012,1.0,0.0
121.32132132132132,1.0,0.0
122.52252252252252,1.0,0.0
123.72372372372372,1.0,0.0
124.92492492492492,1.0,0.0
126.12612612612612,1.0,0.0
127.32732732732732,1.0,0.0
128.52852852852854,1.0,0.0
129.72972972972974,1.0,0.0
130.93093093093094,1.0,0.0
132.13213213213214,1.0,0.0
133.33333333333334,1.0,0.0
134.53453453453454,1.0,0.0
135.73573573573574,1.0,0.0
136.93693693693695,1.0,0.0
138.13813813813815,1.0,0.0
139.33933933933935,1.0,0.0
140.54054054054055,1.0,0.0
141.74174174174175,1.0,0.0
142.94294294294295,1.0,0.0
144.14414414414415,1.0,0.0
145.34534534534535,1.0,0.0
146.54654654654655,1.0,0.0
147.74774774774775,1.0,0.0
148.94894894894895,1.0,0.0
150.15015015015015,1.0,0.0
151.35135135135135,1.0,0.0
152.55255255255256,1.0,0.0
153.75375375375376,1.0,0.0
154.95495495495496,1.0,0.0
156.15615615615616,1.0,0.0
157.35735735735736,1.0,0.0
158.55855855855856,1.0,0.0
159.75975975975976,1.0,0.0
160.96096096096096,1.0,0.0
162.16216216216216,1.0,0.0
163.36336336336336,1.0,0.0
164.56456456456456,1.0,0.0
165.76576576576576,1.0,0.0
166.96696696696696,1.0,0.0
168.16816816816817,1.0,0.0
169.36936936936937,1.0,0.0
170.57057057057057,1.0,0.0
171.77177177177177,1.0,0.0
172.97297297297297,1.0,0.0
174.17417417417417,1.0,0.0
175.37537537537537,1.0,0.0
176.57657657657657,1.0,0.0
177.77777777777777,1.0,0.0
178.97897897897897,1.0,0.0
180.18018018018017,1.0,0.0
181.38138138138137,1.0,0.0
182.58258258258257,1.0,0.0
183.78378378378378,1.0,0.0
184.98498498498498,1.0,0.0
186.18618618618618,1.0,0.0
187.38738738738738,1.0,0.0
188.58858858858858,1.0,0.0
189.78978978978978,1.0,0.0
190.99099099099098,1.0,0.0
192.19219219219218,1.0,0.0
193.3933933933934,1.0,0.0
194.5945945945946,1.0,0.0
195.7957957957958,1.0,0.0
196.996996996997,1.0,0.0
198.1981981981982,1.0,0.0
199.3993993993994,1.0,0.0
200.60060060060061,1.0,0.0
201.80180180180182,1.0,0.0
203.00300300300302,1.0,0.0
204.20420420420422,1.0,0.0
205.40540540540542,1.0,0.0
206.60660660660662,1.0,0.0
207.80780780780782,1.0,0.0
209.00900900900902,1.0,0.0
210.21021021021022,1.0,0.0
211.41141141141142,1.0,0.0
212.61261261261262,1.0,0.0
213.81381381381382,1.0,0.0
215.01501501501502,1.0,0.0
216.21621621621622,1.0,0.0
217.41741741741743,1.0,0.0
218.61861861861863,1.0,0.0
219.81981981981983,1.0,0.0
221.02102102102103,1.0,0.0
222.22222222222223,1.0,0.0
223.42342342342343,1.0,0.0
224.62462462462463,1.0,0.0
225.82582582582583,1.0,0.0
227.02702702702703,1.0,0.0
228.22822822822823,1.0,0.0
229.42942942942943,1.0,0.0
230.63063063063063,1.0,0.0
231.83183183183183,1.0,0.0
233.03303303303304,1.0,0.0
234.23423423423424,1.0,0.0
235.43543543543544,1.0,0.0
236.63663663663664,1.0,0.0
237.83783783783784,1.0,0.0
239.03903903903904,1.0,0.0
240.24024024024024,1.0,0.0
241.44144144144144,1.0,0.0
242.64264264264264,1.0,0.0
243.84384384384384,1.0,0.0
245.04504504504504,1.0,0.0
246.24624624624624,1.0,0.0
247.44744744744744,1.0,0.0
248.64864864864865,1.0,0.0
249.84984984984985,1.0,0.0
251.05105105105105,1.0,0.0
252.25225225225225,1.0,0.0
253.45345345345345,1.0,0.0
254.65465465465465,1.0,0.0
255.85585585585585,1.0,0.0
257.0570570570571,1.0,0.0
258.25825825825825,1.0,0.0
259.4594594594595,1.0,0.0
260.66066066066065,1.0,0.0
261.8618618618619,1.0,0.0
263.06306306306305,1.0,0.0
264.2642642642643,1.0,0.0
265.46546546546546,1.0,0.0
266.6666666666667,1.0,0.0
267.86786786786786,1.0,0.0
269.0690690690691,1.0,0.0
270.27027027027026,1.0,0.0
271.4714714714715,1.0,0.0
272.67267267267266,1.0,0.0
273.8738738738739,1.0,0.0
275.07507507507506,1.0,0.0
276.2762762762763,1.0,0.0
277.47747747747746,1.0,0.0
278.6786786786787,1.0,0.0
279.87987987987987,1.0,0.0
281.0810810810811,1.0,0.0
282.28228228228227,1.0,0.0
283.4834834834835,1.0,0.0
284.68468468468467,1.0,0.0
285.8858858858859,1.0,0.0
287.08708708708707,1.0,0.0
288.2882882882883,1.0,0.0
289.4894894894895,1.0,0.0
290.6906906906907,1.0,0.0
291.8918918918919,1.0,0.0
293.0930930930931,1.0,0.0
294.2942942942943,1.0,0.0
295.4954954954955,1.0,0.0
296.6966966966967,1.0,0.0
297.8978978978979,1.0,0.0
299.0990990990991,1.0,0.0
300.3003003003003,1.0,0.0
301.5015015015015,1.0,0.0
302.7027027027027,1.0,0.0
303.9039039039039,1.0,0.0
305.1051051051051,1.0,0.0
306.3063063063063,1.0,0.0
307.5075075075075,1.0,0.0
308.70870870870874,1.0,0.0
309.9099099099099,1.0,0.0
311.11111111111114,1.0,0.0
312.3123123123123,1.0,0.0
313.51351351351354,1.0,0.0
314.7147147147147,1.0,0.0
315.91591591591595,1.0,0.0
317.1171171171171,1.0,0.0
318.31831831831835,1.0,0.0
319.5195195195195,1.0,0.0
320.72072072072075,1.0,0.0
321.9219219219219,1.0,0.0
323.12312312312315,1.0,0.0
324.3243243243243,1.0,0.0
325.52552552552555,1.0,0.0
326.7267267267267,1.0,0.0
327.92792792792795,1.0,0.0
329.1291291291291,1.0,0.0
330.33033033033036,1.0,0.0
331.5315315315315,1.0,0.0
332.73273273273276,1.0,0.0
333.93393393393393,1.0,0.0
335.13513513513516,1.0,0.0
336.33633633633633,1.0,0.0
337.53753753753756,1.0,0.0
338.73873873873873,1.0,0.0
339.93993993993996,1.0,0.0
341.14114114114113,1.0,0.0
342.34234234234236,1.0,0.0
343.54354354354354,1.0,0.0
344.74474474474476,1.0,0.0
345.94594594594594,1.0,0.0
347.14714714714717,1.0,0.0
348.34834834834834,1.0,0.0
349.54954954954957,1.0,0.0
350.75075075075074,1.0,0.0
351.95195195195197,1.0,0.0
353.15315315315314,1.0,0.0
354.35435435435437,1.0,0.0
355.55555555555554,1.0,0.0
356.7567567567568,1.0,0.0
357.95795795795794,1.0,0.0
359.1591591591592,1.0,0.0
360.36036036036035,1.0,0.0
361.5615615615616,1.0,0.0
362.76276276276275,1.0,0.0
363.963963963964,1.0,0.0
365.16516516516515,1.0,0.0
366.3663663663664,1.0,0.0
367.56756756756755,1.0,0.0
368.7687687687688,1.0,0.0
369.96996996996995,1.0,0.0
371.1711711711712,1.0,0.0
372.37237237237235,1.0,0.0
373.5735735735736,1.0,0.0
374.77477477477476,1.0,0.0
375.975975975976,1.0,0.0
377.17717717717716,1.0,0.0
378.3783783783784,1.0,0.0
379.57957957957956,1.0,0.0
380.7807807807808,1.0,0.0
381.98198198198196,1.0,0.0
383.1831831831832,1.0,0.0
384.38438438438436,1.0,0.0
385.5855855855856,1.0,0.0
386.7867867867868,1.0,0.0
387.987987987988,1.0,0.0
389.1891891891892,1.0,0.0
390.3903903903904,1.0,0.0
391.5915915915916,1.0,0.0
392.7927927927928,1.0,0.0
393.993993993994,1.0,0.0
395.1951951951952,1.0,0.0
396.3963963963964,1.0,0.0
397.5975975975976,1.0,0.0
398.7987987987988,1.0,0.0
400.0,1.0,0.0
401.20120120120123,1.0,0.0
402.4024024024024,1.0,0.0
403.60360360360363,1.0,0.0
404.8048048048048,1.0,0.0
406.00600600600603,1.0,0.0
407.2072072072072,1.0,0.0
408.40840840840843,1.0,0.0
409.6096096096096,1.0,0.0
410.81081081081084,1.0,0.0
412.012012012012,1.0,0.0
413.21321321321324,1.0,0.0
414.4144144144144,1.0,0.0
415.61561561561564,1.0,0.0
416.8168168168168,1.0,0.0
418.01801801801804,1.0,0.0
419.2192192192192,1.0,0.0
420.42042042042044,1.0,0.0
421.6216216216216,1.0,0.0
422.82282282282284,1.0,0.0
424.024024024024,1.0,0.0
425.22522522522524,1.0,0.0
426.4264264264264,1.0,0.0
427.62762762762765,1.0,0.0
428.8288288288288,1.0,0.0
430.03003003003005,1.0,0.0
431.2312312312312,1.0,0.0
432.43243243243245,1.0,0.0
433.6336336336336,1.0,0.0
434.83483483483485,1.0,0.0
436.036036036036,1.0,0.0
437.23723723723725,1.0,0.0
438.4384384384384,1.0,0.0
439.63963963963965,1.0,0.0
440.8408408408408,1.0,0.0
442.04204204204206,1.0,0.0
443.2432432432432,1.0,0.0
444.44444444444446,1.0,0.0
445.64564564564563,1.0,0.0
446.84684684684686,1.0,0.0
448.04804804804803,1.0,0.0
449.24924924924926,1.0,0.0
450.45045045045043,1.0,0.0
451.65165165165166,1.0,0.0
452.85285285285283,1.0,0.0
454.05405405405406,1.0,0.0
455.25525525525524,1.0,0.0
456.45645645645646,1.0,0.0
457.65765765765764,1.0,0.0
458.85885885885887,1.0,0.0
460.06006006006004,1.0,0.0
461.26126126126127,1.0,0.0
462.4624624624625,1.0,0.0
463.66366366366367,1.0,0.0
464.8648648648649,1.0,0.0
466.06606606606607,1.0,0.0
467.2672672672673,1.0,0.0
468.4684684684685,1.0,0.0
469.6696696696697,1.0,0.0
470.8708708708709,1.0,0.0
472.0720720720721,1.0,0.0
473.2732732732733,1.0,0.0
474.4744744744745,1.0,0.0
475.6756756756757,1.0,0.0
476.8768768768769,1.0,0.0
478.0780780780781,1.0,0.0
479.2792792792793,1.0,0.0
480.4804804804805,1.0,0.0
481.6816816816817,1.0,0.0
482.8828828828829,1.0,0.0
484.0840840840841,1.0,0.0
485.2852852852853,1.0,0.0
486.4864864864865,1.0,0.0
487.6876876876877,1.0,0.0
488.8888888888889,1.0,0.0
490.0900900900901,1.0,0.0
491.2912912912913,1.0,0.0
492.4924924924925,1.0,0.0
493.6936936936937,1.0,0.0
494.8948948948949,1.0,0.0
496.0960960960961,1.0,0.0
497.2972972972973,1.0,0.0
498.4984984984985,1.0,0.0
499.6996996996997,1.0,0.0
500.9009009009009,1.0,0.0
502.1021021021021,1.0,0.0
503.3033033033033,1.0,0.0
504.5045045045045,1.0,0.0
505.7057057057057,1.0,0.0
506.9069069069069,1.0,0.0
508.1081081081081,1.0,0.0
509.3093093093093,1.0,0.0
510.5105105105105,1.0,0.0
511.7117117117117,1.0,0.0
512.9129129129129,1.0,0.0
514.1141141141142,1.0,0.0
515.3153153153153,1.0,0.0
516.5165165165165,1.0,0.0
517.7177177177177,1.0,0.0
518.918918918919,1.0,0.0
520.1201201201201,1.0,0.0
521.3213213213213,1.0,0.0
522.5225225225225,1.0,0.0
523.7237237237238,1.0,0.0
524.9249249249249,1.0,0.0
526.1261261261261,1.0,0.0
527.3273273273273,1.0,0.0
528.5285285285286,1.0,0.0
529.7297297297297,1.0,0.0
530.9309309309309,1.0,0.0
532.1321321321321,1.0,0.0
533.3333333333334,1.0,0.0
534.5345345345345,1.0,0.0
535.7357357357357,1.0,0.0
536.936936936937,1.0,0.0
538.1381381381382,1.0,0.0
539.3393393393394,1.0,0.0
540.5405405405405,1.0,0.0
541.7417417417417,1.0,0.0
542.942942942943,1.0,0.0
544.1441441441442,1.0,0.0
545.3453453453453,1.0,0.0
546.5465465465466,1.0,0.0
547.7477477477478,1.0,0.0
548.948948948949,1.0,0.0
550.1501501501501,1.0,0.0
551.3513513513514,1.0,0.0
552.5525525525526,1.0,0.0
553.7537537537538,1.0,0.0
554.9549549549549,1.0,0.0
556.1561561561562,1.0,0.0
557.3573573573574,1.0,0.0
558.5585585585586,1.0,0.0
559.7597597597597,1.0,0.0
560.960960960961,1.0,0.0
562.1621621621622,1.0,0.0
563.3633633633634,1.0,0.0
564.5645645645645,1.0,0.0
565.7657657657658,1.0,0.0
566.966966966967,1.0,0.0
568.1681681681682,1.0,0.0
569.3693693693693,1.0,0.0
570.5705705705706,1.0,0.0
571.7717717717718,1.0,0.0
572.972972972973,1.0,0.0
574.1741741741741,1.0,0.0
575.3753753753754,1.0,0.0
576.5765765765766,1.0,0.0
577.7777777777778,1.0,0.0
578.978978978979,1.0,0.0
580.1801801801802,1.0,0.0
581.3813813813814,1.0,0.0
582.5825825825826,1.0,0.0
583.7837837837837,1.0,0.0
584.984984984985,1.0,0.0
586.1861861861862,1.0,0.0
587.3873873873874,1.0,0.0
588.5885885885886,1.0,0.0
589.7897897897898,1.0,0.0
590.990990990991,1.0,0.0
592.1921921921922,1.0,0.0
593.3933933933934,1.0,0.0
594.5945945945946,1.0,0.0
595.7957957957958,1.0,0.0
596.996996996997,1.0,0.0
598.1981981981982,1.0,0.0
599.3993993993994,0.0,1.0
600.6006006006006,0.0,1.0
601.8018018018018,0.0,1.0
603.003003003003,0.0,1.0
604.2042042042042,0.0,1.0
605.4054054054054,0.0,1.0
606.6066066066066,0.0,1.0
607.8078078078078,0.0,1.0
609.009009009009,0.0,1.0
610.2102102102102,0.0,1.0
611.4114114114114,0.0,1.0
612.6126126126126,0.0,1.0
613.8138138138138,0.0,1.0
615.015015015015,0.0,1.0
616.2162162162163,0.0,1.0
617.4174174174175,0.0,1.0
618.6186186186186,0.0,1.0
619.8198198198198,0.0,1.0
621.021021021021,0.0,1.0
622.2222222222223,0.0,1.0
623.4234234234234,0.0,1.0
624.6246246246246,0.0,1.0
625.8258258258259,0.0,1.0
627.0270270270271,0.0,1.0
628.2282282282282,0.0,1.0
629.4294294294294,0.0,1.0
630.6306306306307,0.0,1.0
631.8318318318319,0.0,1.0
633.033033033033,0.0,1.0
634.2342342342342,0.0,1.0
635.4354354354355,0.0,1.0
636.6366366366367,0.0,1.0
637.8378378378378,0.0,1.0
639.039039039039,0.0,1.0
640.2402402402403,0.0,1.0
641.4414414414415,0.0,1.0
642.6426426426426,0.0,1.0
643.8438438438438,0.0,1.0
645.0450450450451,0.0,1.0
646.2462462462463,0.0,1.0
647.4474474474474,0.0,1.0
648.6486486486486,0.0,1.0
649.8498498498499,0.0,1.0
651.0510510510511,0.0,1.0
652.2522522522522,0.0,1.0
653.4534534534534,0.0,1.0
654.6546546546547,0.0,1.0
655.8558558558559,0.0,1.0
657.057057057057,0.0,1.0
658.2582582582583,0.0,1.0
659.4594594594595,0.0,1.0
660.6606606606607,0.0,1.0
661.8618618618618,0.0,1.0
663.063063063063,0.0,1.0
664.2642642642643,0.0,1.0
665.4654654654655,0.0,1.0
666.6666666666666,0.0,1.0
667.8678678678679,0.0,1.0
669.0690690690691,0.0,1.0
670.2702702702703,0.0,1.0
671.4714714714714,0.0,1.0
672.6726726726727,0.0,1.0
673.8738738738739,0.0,1.0
675.0750750750751,0.0,1.0
676.2762762762762,0.0,1.0
677.4774774774775,0.0,1.0
678.6786786786787,0.0,1.0
679.8798798798799,0.0,1.0
681.081081081081,0.0,1.0
682.2822822822823,0.0,1.0
683.4834834834835,0.0,1.0
684.6846846846847,0.0,1.0
685.8858858858858,0.0,1.0
687.0870870870871,0.0,1.0
688.2882882882883,0.0,1.0
689.4894894894895,0.0,1.0
690.6906906906906,0.0,1.0
691.8918918918919,0.0,1.0
693.0930930930931,0.0,1.0
694.2942942942943,0.0,1.0
695.4954954954956,0.0,1.0
696.6966966966967,0.0,1.0
697.8978978978979,0.0,1.0
699.0990990990991,0.0,1.0
700.3003003003004,0.0,1.0
701.5015015015015,0.0,1.0
702.7027027027027,0.0,1.0
703.9039039039039,0.0,1.0
705.1051051051052,0.0,1.0
706.3063063063063,0.0,1.0
707.5075075075075,0.0,1.0
708.7087087087087,0.0,1.0
709.90990990991,0.0,1.0
711.1111111111111,0.0,1.0
712.3123123123123,0.0,1.0
713.5135135135135,0.0,1.0
714.7147147147148,0.0,1.0
715.9159159159159,0.0,1.0
717.1171171171171,0.0,1.0
718.3183183183183,0.0,1.0
719.5195195195196,0.0,1.0
720.7207207207207,0.0,1.0
721.9219219219219,0.0,1.0
723.1231231231232,0.0,1.0
724.3243243243244,0.0,1.0
725.5255255255255,0.0,1.0
726.7267267267267,0.0,1.0
727.927927927928,0.0,1.0
729.1291291291292,0.0,1.0
730.3303303303303,0.0,1.0
731.5315315315315,0.0,1.0
732.7327327327328,0.0,1.0
733.933933933934,0.0,1.0
735.1351351351351,0.0,1.0
736.3363363363363,0.0,1.0
737.5375375375376,0.0,1.0
738.7387387387388,0.0,1.0
739.9399399399399,0.0,1.0
741.1411411411411,0.0,1.0
742.3423423423424,0.0,1.0
743.5435435435436,0.0,1.0
744.7447447447447,0.0,1.0
745.9459459459459,0.0,1.0
747.1471471471472,0.0,1.0
748.3483483483484,0.0,1.0
749.5495495495495,0.0,1.0
750.7507507507507,0.0,1.0
751.951951951952,0.0,1.0
753.1531531531532,0.0,1.0
754.3543543543543,0.0,1.0
755.5555555555555,0.0,1.0
756.7567567567568,0.0,1.0
757.957957957958,0.0,1.0
759.1591591591591,0.0,1.0
760.3603603603603,0.0,1.0
761.5615615615616,0.0,1.0
762.7627627627628,0.0,1.0
763.9639639639639,0.0,1.0
765.1651651651651,0.0,1.0
766.3663663663664,0.0,1.0
767.5675675675676,0.0,1.0
768.7687687687687,0.0,1.0
769.96996996997,0.0,1.0
771.1711711711712,0.0,1.0
772.3723723723724,0.0,1.0
773.5735735735736,0.0,1.0
774.7747747747748,0.0,1.0
775.975975975976,0.0,1.0
777.1771771771772,0.0,1.0
778.3783783783784,0.0,1.0
779.5795795795796,0.0,1.0
780.7807807807808,0.0,1.0
781.981981981982,0.0,1.0
783.1831831831832,0.0,1.0
784.3843843843844,0.0,1.0
785.5855855855856,0.0,1.0
786.7867867867868,0.0,1.0
787.987987987988,0.0,1.0
789.1891891891892,0.0,1.0
790.3903903903904,0.0,1.0
791.5915915915916,0.0,1.0
792.7927927927929,0.0,1.0
793.993993993994,0.0,1.0
795.1951951951952,0.0,1.0
796.3963963963964,0.0,1.0
797.5975975975977,0.0,1.0
798.7987987987988,0.0,1.0
800.0,0.0,1.0
801.2012012012012,0.0,1.0
802.4024024024025,0.0,1.0
803.6036036036036,0.0,1.0
804.8048048048048,0.0,1.0
806.006006006006,0.0,1.0
807.2072072072073,0.0,1.0
808.4084084084084,0.0,1.0
809.6096096096096,0.0,1.0
810.8108108108108,0.0,1.0
812.0120120120121,0.0,1.0
813.2132132132132,0.0,1.0
814.4144144144144,0.0,1.0
815.6156156156156,0.0,1.0
816.8168168168169,0.0,1.0
818.018018018018,0.0,1.0
819.2192192192192,0.0,1.0
820.4204204204204,0.0,1.0
821.6216216216217,0.0,1.0
822.8228228228228,0.0,1.0
824.024024024024,0.0,1.0
825.2252252252252,0.0,1.0
826.4264264264265,0.0,1.0
827.6276276276276,0.0,1.0
828.8288288288288,0.0,1.0
830.03003003003,0.0,1.0
831.2312312312313,0.0,1.0
832.4324324324324,0.0,1.0
833.6336336336336,0.0,1.0
834.8348348348349,0.0,1.0
836.0360360360361,0.0,1.0
837.2372372372372,0.0,1.0
838.4384384384384,0.0,1.0
839.6396396396397,0.0,1.0
840.8408408408409,0.0,1.0
842.042042042042,0.0,1.0
843.2432432432432,0.0,1.0
844.4444444444445,0.0,1.0
845.6456456456457,0.0,1.0
846.8468468468469,0.0,1.0
848.048048048048,0.0,1.0
849.2492492492493,0.0,1.0
850.4504504504505,0.0,1.0
851.6516516516517,0.0,1.0
852.8528528528528,0.0,1.0
854.0540540540541,0.0,1.0
855.2552552552553,0.0,1.0
856.4564564564565,0.0,1.0
857.6576576576576,0.0,1.0
858.8588588588589,0.0,1.0
860.0600600600601,0.0,1.0
861.2612612612613,0.0,1.0
862.4624624624624,0.0,1.0
863.6636636636637,0.0,1.0
864.8648648648649,0.0,1.0
866.0660660660661,0.0,1.0
867.2672672672672,0.0,1.0
868.4684684684685,0.0,1.0
869.6696696696697,0.0,1.0
870.8708708708709,0.0,1.0
872.072072072072,0.0,1.0
873.2732732732733,0.0,1.0
874.4744744744745,0.0,1.0
875.6756756756757,0.0,1.0
876.8768768768768,0.0,1.0
878.0780780780781,0.0,1.0
879.2792792792793,0.0,1.0
880.4804804804805,0.0,1.0
881.6816816816817,0.0,1.0
882.8828828828829,0.0,1.0
884.0840840840841,0.0,1.0
885.2852852852853,0.0,1.0
886.4864864864865,0.0,1.0
887.6876876876877,0.0,1.0
888.8888888888889,0.0,1.0
890.0900900900901,0.0,1.0
891.2912912912913,0.0,1.0
892.4924924924925,0.0,1.0
893.6936936936937,0.0,1.0
894.894894894895,0.0,1.0
896.0960960960961,0.0,1.0
897.2972972972973,0.0,1.0
898.4984984984985,0.0,1.0
899.6996996996997,0.0,1.0
900.9009009009009,0.0,1.0
902.1021021021021,0.0,1.0
903.3033033033033,0.0,1.0
904.5045045045046,0.0,1.0
905.7057057057057,0.0,1.0
906.9069069069069,0.0,1.0
908.1081081081081,0.0,1.0
909.3093093093094,0.0,1.0
910.5105105105105,0.0,1.0
911.7117117117117,0.0,1.0
912.9129129129129,0.0,1.0
914.1141141141142,0.0,1.0
915.3153153153153,0.0,1.0
916.5165165165165,0.0,1.0
917.7177177177177,0.0,1.0
918.918918918919,0.0,1.0
920.1201201201201,0.0,1.0
921.3213213213213,0.0,1.0
922.5225225225225,0.0,1.0
923.7237237237238,0.0,1.0
924.924924924925,0.0,1.0
926.1261261261261,0.0,1.0
927.3273273273273,0.0,1.0
928.5285285285286,0.0,1.0
929.7297297297298,0.0,1.0
930.9309309309309,0.0,1.0
932.1321321321321,0.0,1.0
933.3333333333334,0.0,1.0
934.5345345345346,0.0,1.0
935.7357357357357,0.0,1.0
936.936936936937,0.0,1.0
938.1381381381382,0.0,1.0
939.3393393393394,0.0,1.0
940.5405405405405,0.0,1.0
941.7417417417417,0.0,1.0
942.942942942943,0.0,1.0
944.1441441441442,0.0,1.0
945.3453453453453,0.0,1.0
946.5465465465466,0.0,1.0
947.7477477477478,0.0,1.0
948.948948948949,0.0,1.0
950.1501501501501,0.0,1.0
951.3513513513514,0.0,1.0
952.5525525525526,0.0,1.0
953.7537537537538,0.0,1.0
954.9549549549549,0.0,1.0
956.1561561561562,0.0,1.0
957.3573573573574,0.0,1.0
958.5585585585586,0.0,1.0
959.7597597597597,0.0,1.0
960.960960960961,0.0,1.0
962.1621621621622,0.0,1.0
963.3633633633634,0.0,1.0
964.5645645645645,0.0,1.0
965.7657657657658,0.0,1.0
966.966966966967,0.0,1.0
968.1681681681682,0.0,1.0
969.3693693693693,0.0,1.0
970.5705705705706,0.0,1.0
971.7717717717718,0.0,1.0
972.972972972973,0.0,1.0
974.1741741741741,0.0,1.0
975.3753753753754,0.0,1.0
976.5765765765766,0.0,1.0
977.7777777777778,0.0,1.0
978.978978978979,0.0,1.0
980.1801801801802,0.0,1.0
981.3813813813814,0.0,1.0
982.5825825825826,0.0,1.0
983.7837837837837,0.0,1.0
984.984984984985,0.0,1.0
986.1861861861862,0.0,1.0
987.3873873873874,0.0,1.0
988.5885885885886,0.0,1.0
989.7897897897898,0.0,1.0
990.990990990991,0.0,1.0
992.1921921921922,0.0,1.0
993.3933933933934,0.0,1.0
994.5945945945946,0.0,1.0
995.7957957957958,0.0,1.0
996.996996996997,0.0,1.0
998.1981981981982,0.0,1.0
999.3993993993994,0.0,1.0
1000.6006006006006,0.0,1.0
1001.8018018018018,0.0,1.0
1003.0030030030031,0.0,1.0
1004.2042042042042,0.0,1.0
1005.4054054054054,0.0,1.0
1006.6066066066066,0.0,1.0
1007.8078078078079,0.0,1.0
1009.009009009009,0.0,1.0
1010.2102102102102,0.0,1.0
1011.4114114114114,0.0,1.0
1012.6126126126127,0.0,1.0
1013.8138138138138,0.0,1.0
1015.015015015015,0.0,1.0
1016.2162162162163,0.0,1.0
1017.4174174174175,0.0,1.0
1018.6186186186186,0.0,1.0
1019.8198198198198,0.0,1.0
1021.021021021021,0.0,1.0
1022.2222222222223,0.0,1.0
1023.4234234234234,0.0,1.0
1024.6246246246246,0.0,1.0
1025.8258258258259,0.0,1.0
1027.027027027027,0.0,1.0
1028.2282282282283,0.0,1.0
1029.4294294294295,0.0,1.0
1030.6306306306305,0.0,1.0
1031.8318318318318,0.0,1.0
1033.033033033033,0.0,1.0
1034.2342342342342,0.0,1.0
1035.4354354354355,0.0,1.0
1036.6366366366367,0.0,1.0
1037.837837837838,0.0,1.0
1039.0390390390392,0.0,1.0
1040.2402402402402,0.0,1.0
1041.4414414414414,0.0,1.0
1042.6426426426426,0.0,1.0
1043.8438438438438,0.0,1.0
1045.045045045045,0.0,1.0
1046.2462462462463,0.0,1.0
1047.4474474474475,0.0,1.0
1048.6486486486488,0.0,1.0
1049.8498498498498,0.0,1.0
1051.051051051051,0.0,1.0
1052.2522522522522,0.0,1.0
1053.4534534534534,0.0,1.0
1054.6546546546547,0.0,1.0
1055.855855855856,0.0,1.0
1057.0570570570571,0.0,1.0
1058.2582582582584,0.0,1.0
1059.4594594594594,0.0,1.0
1060.6606606606606,0.0,1.0
1061.8618618618618,0.0,1.0
1063.063063063063,0.0,1.0
1064.2642642642643,0.0,1.0
1065.4654654654655,0.0,1.0
1066.6666666666667,0.0,1.0
1067.867867867868,0.0,1.0
1069.069069069069,0.0,1.0
1070.2702702702702,0.0,1.0
1071.4714714714714,0.0,1.0
1072.6726726726727,0.0,1.0
1073.873873873874,0.0,1.0
1075.0750750750751,0.0,1.0
1076.2762762762763,0.0,1.0
1077.4774774774776,0.0,1.0
1078.6786786786788,0.0,1.0
1079.8798798798798,0.0,1.0
1081.081081081081,0.0,1.0
1082.2822822822823,0.0,1.0
1083.4834834834835,0.0,1.0
1084.6846846846847,0.0,1.0
1085.885885885886,0.0,1.0
1087.0870870870872,0.0,1.0
1088.2882882882884,0.0,1.0
1089.4894894894894,0.0,1.0
1090.6906906906906,0.0,1.0
1091.8918918918919,0.0,1.0
1093.093093093093,0.0,1.0
1094.2942942942943,0.0,1.0
1095.4954954954956,0.0,1.0
1096.6966966966968,0.0,1.0
1097.897897897898,0.0,1.0
1099.099099099099,0.0,1.0
1100.3003003003003,0.0,1.0
1101.5015015015015,0.0,1.0
1102.7027027027027,0.0,1.0
1103.903903903904,0.0,1.0
1105.1051051051052,0.0,1.0
1106.3063063063064,0.0,1.0
1107.5075075075076,0.0,1.0
1108.7087087087086,0.0,1.0
1109.9099099099099,0.0,1.0
1111.111111111111,0.0,1.0
1112.3123123123123,0.0,1.0
1113.5135135135135,0.0,1.0
1114.7147147147148,0.0,1.0
1115.915915915916,0.0,1.0
1117.1171171171172,0.0,1.0
1118.3183183183182,0.0,1.0
1119.5195195195195,0.0,1.0
1120.7207207207207,0.0,1.0
1121.921921921922,0.0,1.0
1123.1231231231232,0.0,1.0
1124.3243243243244,0.0,1.0
1125.5255255255256,0.0,1.0
1126.7267267267268,0.0,1.0
1127.9279279279278,0.0,1.0
1129.129129129129,0.0,1.0
1130.3303303303303,0.0,1.0
1131.5315315315315,0.0,1.0
1132.7327327327328,0.0,1.0
1133.933933933934,0.0,1.0
1135.1351351351352,0.0,1.0
1136.3363363363364,0.0,1.0
1137.5375375375374,0.0,1.0
1138.7387387387387,0.0,1.0
1139.93993993994,0.0,1.0
1141.1411411411411,0.0,1.0
1142.3423423423424,0.0,1.0
1143.5435435435436,0.0,1.0
1144.7447447447448,0.0,1.0
1145.945945945946,0.0,1.0
1147.147147147147,0.0,1.0
1148.3483483483483,0.0,1.0
1149.5495495495495,0.0,1.0
1150.7507507507507,0.0,1.0
1151.951951951952,0.0,1.0
1153.1531531531532,0.0,1.0
1154.3543543543544,0.0,1.0
1155.5555555555557,0.0,1.0
1156.7567567567569,0.0,1.0
1157.957957957958,0.0,1.0
1159.1591591591591,0.0,1.0
1160.3603603603603,0.0,1.0
1161.5615615615616,0.0,1.0
1162.7627627627628,0.0,1.0
1163.963963963964,0.0,1.0
1165.1651651651653,0.0,1.0
1166.3663663663665,0.0,1.0
1167.5675675675675,0.0,1.0
1168.7687687687687,0.0,1.0
1169.96996996997,0.0,1.0
1171.1711711711712,0.0,1.0
1172.3723723723724,0.0,1.0
1173.5735735735736,0.0,1.0
1174.7747747747749,0.0,1.0
1175.975975975976,0.0,1.0
1177.177177177177,0.0,1.0
1178.3783783783783,0.0,1.0
1179.5795795795796,0.0,1.0
1180.7807807807808,0.0,1.0
1181.981981981982,0.0,1.0
1183.1831831831832,0.0,1.0
1184.3843843843845,0.0,1.0
1185.5855855855857,0.0,1.0
1186.7867867867867,0.0,1.0
1187.987987987988,0.0,1.0
1189.1891891891892,0.0,1.0
1190.3903903903904,0.0,1.0
1191.5915915915916,0.0,1.0
1192.7927927927929,0.0,1.0
1193.993993993994,0.0,1.0
1195.1951951951953,0.0,1.0
1196.3963963963963,0.0,1.0
1197.5975975975975,0.0,1.0
1198.7987987987988,0.0,1.0
1200.0,0.0,1.0
